{
	"Scaled YOLOv4": {
		"points"    : {
			"YOLOv4-P5"  : {
				"size"			: 896,
				"map_val"       : 51.2,
				"map50_val"     : 69.8,
				"map75_val"     : 56.2,
				"maps_val"      : 35.0,
				"mapm_val"      : 56.2,
				"mapl_val"      : 64.0,
				"map_test"      : 51.4,
				"map50_test"    : 69.9,
				"map75_test"    : 56.3,
				"maps_test"     : 33.1,
				"mapm_test"     : 55.4,
				"mapl_test"     : 62.4,
				"speed_v100_b1" : 24.3,
				"speed_v100_b32": null
			},
			"YOLOv4-P6"  : {
				"size"			: 1280,
				"map_val"       : 53.9,
				"map50_val"     : 72.0,
				"map75_val"     : 59.0,
				"maps_val"      : 39.3,
				"mapm_val"      : 58.3,
				"mapl_val"      : 66.6,
				"map_test"      : 54.3,
				"map50_test"    : 72.3,
				"map75_test"    : 59.5,
				"maps_test"     : 36.6,
				"mapm_test"     : 58.2,
				"mapl_test"     : 65.5,
				"speed_v100_b1" : 33.3,
				"speed_v100_b32": null
			},
			"YOLOv4-P7"  : {
				"size"			: 1536,
				"map_val"       : 55.0,
				"map50_val"     : 72.9,
				"map75_val"     : 60.2,
				"maps_val"      : 39.8,
				"mapm_val"      : 59.9,
				"mapl_val"      : 68.4,
				"map_test"      : 55.4,
				"map50_test"    : 73.3,
				"map75_test"    : 60.7,
				"maps_test"     : 38.1,
				"mapm_test"     : 59.5,
				"mapl_test"     : 67.4,
				"speed_v100_b1" : 66.6,
				"speed_v100_b32": null
			}
		},
		"linestyle" : "-",
		"marker"    : "^",
		"show_label": false
	},
	"YOLOR"    : {
		"points"    : {
			"YOLOR-P6": {
				"size"			: 1280,
				"map_val"       : 52.5,
				"map50_val"     : 70.6,
				"map75_val"     : 57.4,
				"maps_val"      : 37.4,
				"mapm_val"      : 57.3,
				"mapl_val"      : 65.2,
				"map_test"      : 54.1,
				"map50_test"    : 71.8,
				"map75_test"    : 59.3,
				"maps_test"     : 36.2,
				"mapm_test"     : 58.1,
				"mapl_test"     : 65.8,
				"speed_v100_b1" : 13.1,
				"speed_v100_b32": null
			},
			"YOLOR-W6": {
				"size"			: 1280,
				"map_val"       : 54.0,
				"map50_val"     : 72.1,
				"map75_val"     : 59.1,
				"maps_val"      : 38.1,
				"mapm_val"      : 58.8,
				"mapl_val"      : 58.8,
				"map_test"      : 55.5,
				"map50_test"    : 73.2,
				"map75_test"    : 60.6,
				"maps_test"     : 37.6,
				"mapm_test"     : 59.5,
				"mapl_test"     : 67.7,
				"speed_v100_b1" : 15.1,
				"speed_v100_b32": null
			},
			"YOLOR-E6": {
				"size"			: 1280,
				"map_val"       : 54.6,
				"map50_val"     : 72.5,
				"map75_val"     : 59.8,
				"maps_val"      : 39.9,
				"mapm_val"      : 59.0,
				"mapl_val"      : 67.9,
				"map_test"      : 56.4,
				"map50_test"    : 74.1,
				"map75_test"    : 61.6,
				"maps_test"     : 39.1,
				"mapm_test"     : 60.1,
				"mapl_test"     : 68.2,
				"speed_v100_b1" : 22.2,
				"speed_v100_b32": null
			},
			"YOLOR-D6": {
				"size"			: 1280,
				"map_val"       : 55.4,
				"map50_val"     : 73.5,
				"map75_val"     : 60.6,
				"maps_val"      : 40.4,
				"mapm_val"      : 60.1,
				"mapl_val"      : 68.7,
				"map_test"      : 57.3,
				"map50_test"    : 75.0,
				"map75_test"    : 62.7,
				"maps_test"     : 40.4,
				"mapm_test"     : 61.2,
				"mapl_test"     : 69.2,
				"speed_v100_b1" : 29.4,
				"speed_v100_b32": null
			}
		},
		"linestyle" : "-",
		"marker"    : "^",
		"show_label": false
	},
    "YOLOv5"   : {
		"points"    : {
			"YOLOv5n": {
				"size"			: 640,
				"map_val"       : 28.0,
				"map50_val"     : 45.7,
				"map75_val"     : null,
				"maps_val"      : null,
				"mapm_val"      : null,
				"mapl_val"      : null,
				"map_test"      : null,
				"map50_test"    : null,
				"map75_test"    : null,
				"maps_test"     : null,
				"mapm_test"     : null,
				"mapl_test"     : null,
				"speed_v100_b1" : 6.3,
				"speed_v100_b32": 0.6
			},
			"YOLOv5s": {
				"size"			: 640,
				"map_val"       : 37.4,
				"map50_val"     : 56.8,
				"map75_val"     : null,
				"maps_val"      : null,
				"mapm_val"      : null,
				"mapl_val"      : null,
				"map_test"      : null,
				"map50_test"    : null,
				"map75_test"    : null,
				"maps_test"     : null,
				"mapm_test"     : null,
				"mapl_test"     : null,
				"speed_v100_b1" : 6.4,
				"speed_v100_b32": 0.9
			},
			"YOLOv5m": {
				"size"			: 640,
				"map_val"       : 45.4,
				"map50_val"     : 64.1,
				"map75_val"     : null,
				"maps_val"      : null,
				"mapm_val"      : null,
				"mapl_val"      : null,
				"map_test"      : null,
				"map50_test"    : null,
				"map75_test"    : null,
				"maps_test"     : null,
				"mapm_test"     : null,
				"mapl_test"     : null,
				"speed_v100_b1" : 8.2,
				"speed_v100_b32": 1.7
			},
			"YOLOv5l": {
				"size"			: 640,
				"map_val"       : 49.0,
				"map50_val"     : 67.3,
				"map75_val"     : null,
				"maps_val"      : null,
				"mapm_val"      : null,
				"mapl_val"      : null,
				"map_test"      : null,
				"map50_test"    : null,
				"map75_test"    : null,
				"maps_test"     : null,
				"mapm_test"     : null,
				"mapl_test"     : null,
				"speed_v100_b1" : 10.1,
				"speed_v100_b32": 2.7
			},
			"YOLOv5x": {
				"size"			: 640,
				"map_val"       : 50.7,
				"map50_val"     : 68.9,
				"map75_val"     : null,
				"maps_val"      : null,
				"mapm_val"      : null,
				"mapl_val"      : null,
				"map_test"      : null,
				"map50_test"    : null,
				"map75_test"    : null,
				"maps_test"     : null,
				"mapm_test"     : null,
				"mapl_test"     : null,
				"speed_v100_b1" : 12.1,
				"speed_v100_b32": 4.8
			}
		},
		"linestyle" : "-",
		"marker"    : "o",
		"show_label": false
	},
	"YOLOv5_v6": {
		"points"    : {
			"YOLOv5n6": {
				"size"			: 1280,
				"map_val"       : 36.0,
				"map50_val"     : 54.4,
				"map75_val"     : null,
				"maps_val"      : null,
				"mapm_val"      : null,
				"mapl_val"      : null,
				"map_test"      : null,
				"map50_test"    : null,
				"map75_test"    : null,
				"maps_test"     : null,
				"mapm_test"     : null,
				"mapl_test"     : null,
				"speed_v100_b1" : 8.1,
				"speed_v100_b32": 2.1
			},
			"YOLOv5s6": {
				"size"			: 1280,
				"map_val"       : 44.8,
				"map50_val"     : 63.7,
				"map75_val"     : null,
				"maps_val"      : null,
				"mapm_val"      : null,
				"mapl_val"      : null,
				"map_test"      : null,
				"map50_test"    : null,
				"map75_test"    : null,
				"maps_test"     : null,
				"mapm_test"     : null,
				"mapl_test"     : null,
				"speed_v100_b1" : 8.2,
				"speed_v100_b32": 3.6
			},
			"YOLOv5m6": {
				"size"			: 1280,
				"map_val"       : 51.3,
				"map50_val"     : 69.3,
				"map75_val"     : null,
				"maps_val"      : null,
				"mapm_val"      : null,
				"mapl_val"      : null,
				"map_test"      : null,
				"map50_test"    : null,
				"map75_test"    : null,
				"maps_test"     : null,
				"mapm_test"     : null,
				"mapl_test"     : null,
				"speed_v100_b1" : 11.1,
				"speed_v100_b32": 6.8
			},
			"YOLOv5l6": {
				"size"			: 1280,
				"map_val"       : 53.7,
				"map50_val"     : 71.3,
				"map75_val"     : null,
				"maps_val"      : null,
				"mapm_val"      : null,
				"mapl_val"      : null,
				"map_test"      : null,
				"map50_test"    : null,
				"map75_test"    : null,
				"maps_test"     : null,
				"mapm_test"     : null,
				"mapl_test"     : null,
				"speed_v100_b1" : 15.8,
				"speed_v100_b32": 10.5
			},
			"YOLOv5x6": {
				"size"			: 1280,
				"map_val"       : 55.0,
				"map50_val"     : 72.7,
				"map75_val"     : null,
				"maps_val"      : null,
				"mapm_val"      : null,
				"mapl_val"      : null,
				"map_test"      : null,
				"map50_test"    : null,
				"map75_test"    : null,
				"maps_test"     : null,
				"mapm_test"     : null,
				"mapl_test"     : null,
				"speed_v100_b1" : 26.2,
				"speed_v100_b32": 19.4
			}
		},
		"linestyle" : "-",
		"marker"    : "v",
		"show_label": false
	}
}
