{
    "class_labels": [
        {"id": "0" , "name": "person"        , "color": [81 , 120, 228]},
        {"id": "1" , "name": "bicycle"       , "color": [138, 183, 33]},
        {"id": "2" , "name": "car"           , "color": [49 , 3  , 150]},
        {"id": "3" , "name": "motorcycle"    , "color": [122, 35 , 2]},
        {"id": "4" , "name": "airplane"      , "color": [165, 168, 193]},
        {"id": "5" , "name": "bus"           , "color": [140, 24 , 143]},
        {"id": "6" , "name": "train"         , "color": [179, 165, 212]},
        {"id": "7" , "name": "truck"         , "color": [72 , 153, 152]},
        {"id": "8" , "name": "boat"          , "color": [19 , 64 , 83]},
        {"id": "9" , "name": "traffic light" , "color": [122, 40 , 57]},
        {"id": "10", "name": "fire hydrant"  , "color": [219, 42 , 205]},
        {"id": "11", "name": "street sign"   , "color": [147, 24 , 225]},
        {"id": "12", "name": "stop sign"     , "color": [15 , 90 , 125]},
        {"id": "13", "name": "parking meter" , "color": [187, 80 , 10]},
        {"id": "14", "name": "bench"         , "color": [76 , 226, 142]},
        {"id": "15", "name": "bird"          , "color": [24 , 56 , 34]},
        {"id": "16", "name": "cat"           , "color": [41 , 174, 251]},
        {"id": "17", "name": "dog"           , "color": [21 , 8  , 251]},
        {"id": "18", "name": "horse"         , "color": [106, 128, 177]},
        {"id": "19", "name": "sheep"         , "color": [147, 90 , 131]},
        {"id": "20", "name": "cow"           , "color": [65 , 159, 189]},
        {"id": "21", "name": "elephant"      , "color": [129, 70 , 30]},
        {"id": "22", "name": "bear"          , "color": [38 , 181, 29]},
        {"id": "23", "name": "zebra"         , "color": [189, 238, 167]},
        {"id": "24", "name": "giraffe"       , "color": [173, 154, 136]},
        {"id": "25", "name": "hat"           , "color": [69 , 77 , 52]},
        {"id": "26", "name": "backpack"      , "color": [205, 104, 95]},
        {"id": "27", "name": "umbrella"      , "color": [163, 13 , 178]},
        {"id": "28", "name": "shoe"          , "color": [35 , 37 , 0]},
        {"id": "29", "name": "eye glasses"   , "color": [0  , 60 , 2]},
        {"id": "30", "name": "handbag"       , "color": [156, 84 , 167]},
        {"id": "31", "name": "tie"           , "color": [10 , 146, 166]},
        {"id": "32", "name": "suitcase"      , "color": [176, 137, 78]},
        {"id": "33", "name": "frisbee"       , "color": [190, 118, 41]},
        {"id": "34", "name": "skis"          , "color": [159, 178, 24]},
        {"id": "35", "name": "snowboard"     , "color": [107, 85 , 171]},
        {"id": "36", "name": "sports ball"   , "color": [186, 223, 221]},
        {"id": "37", "name": "kite"          , "color": [142, 218, 56]},
        {"id": "38", "name": "baseball bat"  , "color": [82 , 128, 254]},
        {"id": "39", "name": "baseball glove", "color": [64 , 200, 173]},
        {"id": "40", "name": "skateboard"    , "color": [112, 66 , 51]},
        {"id": "41", "name": "surfboard"     , "color": [47 , 131, 231]},
        {"id": "42", "name": "tennis racket" , "color": [37 , 70 , 244]},
        {"id": "43", "name": "bottle"        , "color": [139, 160, 1]},
        {"id": "44", "name": "plate"         , "color": [121, 97 , 34]},
        {"id": "45", "name": "wine glass"    , "color": [103, 32 , 74]},
        {"id": "46", "name": "cup"           , "color": [28 , 47 , 55]},
        {"id": "47", "name": "fork"          , "color": [219, 18 , 203]},
        {"id": "48", "name": "knife"         , "color": [41 , 125, 194]},
        {"id": "49", "name": "spoon"         , "color": [76 , 180, 131]},
        {"id": "50", "name": "bowl"          , "color": [143, 4  , 187]},
        {"id": "51", "name": "banana"        , "color": [232, 188, 11]},
        {"id": "52", "name": "apple"         , "color": [119, 177, 17]},
        {"id": "53", "name": "sandwich"      , "color": [55 , 214, 248]},
        {"id": "54", "name": "orange"        , "color": [100, 254, 62]},
        {"id": "55", "name": "broccoli"      , "color": [15 , 12 , 37]},
        {"id": "56", "name": "carrot"        , "color": [105, 24 , 82]},
        {"id": "57", "name": "hot dog"       , "color": [192, 102, 113]},
        {"id": "58", "name": "pizza"         , "color": [242, 21 , 163]},
        {"id": "59", "name": "donut"         , "color": [13 , 42 , 240]},
        {"id": "60", "name": "cake"          , "color": [83 , 228, 215]},
        {"id": "61", "name": "chair"         , "color": [94 , 173, 36]},
        {"id": "62", "name": "couch"         , "color": [63 , 48 , 10]},
        {"id": "63", "name": "potted plant"  , "color": [199, 53 , 7]},
        {"id": "64", "name": "bed"           , "color": [174, 28 , 109]},
        {"id": "65", "name": "mirror"        , "color": [13 , 17 , 116]},
        {"id": "66", "name": "dining table"  , "color": [216, 147, 179]},
        {"id": "67", "name": "window"        , "color": [244, 33 , 215]},
        {"id": "68", "name": "desk"          , "color": [131, 218, 147]},
        {"id": "69", "name": "toilet"        , "color": [36 , 181, 193]},
        {"id": "70", "name": "door"          , "color": [161, 163, 128]},
        {"id": "71", "name": "tv"            , "color": [54 , 95 , 132]},
        {"id": "72", "name": "laptop"        , "color": [142, 43 , 85]},
        {"id": "73", "name": "mouse"         , "color": [150, 175, 16]},
        {"id": "74", "name": "remote"        , "color": [125, 179, 231]},
        {"id": "75", "name": "keyboard"      , "color": [249, 95 , 141]},
        {"id": "76", "name": "cell phone"    , "color": [105, 24 , 191]},
        {"id": "77", "name": "microwave"     , "color": [135, 51 , 82]},
        {"id": "78", "name": "oven"          , "color": [69 , 21 , 20]},
        {"id": "79", "name": "toaster"       , "color": [67 , 30 , 125]},
        {"id": "80", "name": "sink"          , "color": [135, 205, 67]},
        {"id": "81", "name": "refrigerator"  , "color": [35 , 219, 70]},
        {"id": "82", "name": "blender"       , "color": [149, 140, 252]},
        {"id": "83", "name": "book"          , "color": [80 , 203, 31]},
        {"id": "84", "name": "clock"         , "color": [26 , 26 , 253]},
        {"id": "85", "name": "vase"          , "color": [134, 219, 70]},
        {"id": "86", "name": "scissors"      , "color": [0  , 132, 236]},
        {"id": "87", "name": "teddy bear"    , "color": [134, 81 , 4]},
        {"id": "88", "name": "hair drier"    , "color": [123, 68 , 172]},
        {"id": "89", "name": "toothbrush"    , "color": [58 , 228, 226]},
        {"id": "90", "name": "hair brush"    , "color": [149, 108, 73]}
    ]
}
