{
  "class_labels": [
    { "name": "beaver"           , "superclass": "aquatic mammals"               , "id": 0 },
    { "name": "dolphin"          , "superclass": "aquatic mammals"               , "id": 1 },
    { "name": "otter"            , "superclass": "aquatic mammals"               , "id": 2 },
    { "name": "seal"             , "superclass": "aquatic mammals"               , "id": 3 },
    { "name": "whale"            , "superclass": "aquatic mammals"               , "id": 4 },
    { "name": "aquarium fish"    , "superclass": "fish"                          , "id": 5 },
    { "name": "flatfish"         , "superclass": "fish"                          , "id": 6 },
    { "name": "ray"              , "superclass": "fish"                          , "id": 7 },
    { "name": "shark"            , "superclass": "fish"                          , "id": 8 },
    { "name": "trout"            , "superclass": "fish"                          , "id": 9 },
    { "name": "orchids"          , "superclass": "flowers"                       , "id": 10 },
    { "name": "poppies"          , "superclass": "flowers"                       , "id": 11 },
    { "name": "roses"            , "superclass": "flowers"                       , "id": 12 },
    { "name": "sunflowers"       , "superclass": "flowers"                       , "id": 13 },
    { "name": "tulips"           , "superclass": "flowers"                       , "id": 14 },
    { "name": "bottles"          , "superclass": "food containers"               , "id": 15 },
    { "name": "bowls"            , "superclass": "food containers"               , "id": 16 },
    { "name": "cans"             , "superclass": "food containers"               , "id": 17 },
    { "name": "cups"             , "superclass": "food containers"               , "id": 18 },
    { "name": "plates"           , "superclass": "food containers"               , "id": 19 },
    { "name": "apples"           , "superclass": "fruit and vegetables"          , "id": 20 },
    { "name": "mushrooms"        , "superclass": "fruit and vegetables"          , "id": 21 },
    { "name": "oranges"          , "superclass": "fruit and vegetables"          , "id": 22 },
    { "name": "pears"            , "superclass": "fruit and vegetables"          , "id": 23 },
    { "name": "sweet peppers"    , "superclass": "fruit and vegetables"          , "id": 24 },
    { "name": "clock"            , "superclass": "household electrical devices"  , "id": 25 },
    { "name": "computer keyboard", "superclass": "household electrical devices"  , "id": 26 },
    { "name": "lamp"             , "superclass": "household electrical devices"  , "id": 27 },
    { "name": "telephone"        , "superclass": "household electrical devices"  , "id": 28 },
    { "name": "television"       , "superclass": "household electrical devices"  , "id": 29 },
    { "name": "bed"              , "superclass": "household furniture"           , "id": 30 },
    { "name": "chair"            , "superclass": "household furniture"           , "id": 31 },
    { "name": "couch"            , "superclass": "household furniture"           , "id": 32 },
    { "name": "table"            , "superclass": "household furniture"           , "id": 33 },
    { "name": "wardrobe"         , "superclass": "household furniture"           , "id": 34 },
    { "name": "bee"              , "superclass": "insects"                       , "id": 35 },
    { "name": "beetle"           , "superclass": "insects"                       , "id": 36 },
    { "name": "butterfly"        , "superclass": "insects"                       , "id": 37 },
    { "name": "caterpillar"      , "superclass": "insects"                       , "id": 38 },
    { "name": "cockroach"        , "superclass": "insects"                       , "id": 39 },
    { "name": "bear"             , "superclass": "large carnivores"              , "id": 40 },
    { "name": "leopard"          , "superclass": "large carnivores"              , "id": 41 },
    { "name": "lion"             , "superclass": "large carnivores"              , "id": 42 },
    { "name": "tiger"            , "superclass": "large carnivores"              , "id": 43 },
    { "name": "wolf"             , "superclass": "large carnivores"              , "id": 44 },
    { "name": "bridge"           , "superclass": "large man-made outdoor things" , "id": 45 },
    { "name": "castle"           , "superclass": "large man-made outdoor things" , "id": 46 },
    { "name": "house"            , "superclass": "large man-made outdoor things" , "id": 47 },
    { "name": "road"             , "superclass": "large man-made outdoor things" , "id": 48 },
    { "name": "skyscraper"       , "superclass": "large man-made outdoor things" , "id": 49 },
    { "name": "cloud"            , "superclass": "large natural outdoor scenes"  , "id": 50 },
    { "name": "forest"           , "superclass": "large natural outdoor scenes"  , "id": 51 },
    { "name": "mountain"         , "superclass": "large natural outdoor scenes"  , "id": 52 },
    { "name": "plain"            , "superclass": "large natural outdoor scenes"  , "id": 53 },
    { "name": "sea"              , "superclass": "large natural outdoor scenes"  , "id": 54 },
    { "name": "camel"            , "superclass": "large omnivores and herbivores", "id": 55 },
    { "name": "cattle"           , "superclass": "large omnivores and herbivores", "id": 56 },
    { "name": "chimpanzee"       , "superclass": "large omnivores and herbivores", "id": 57 },
    { "name": "elephant"         , "superclass": "large omnivores and herbivores", "id": 58 },
    { "name": "kangaroo"         , "superclass": "large omnivores and herbivores", "id": 59 },
    { "name": "fox"              , "superclass": "medium-sized mammals"          , "id": 60 },
    { "name": "porcupine"        , "superclass": "medium-sized mammals"          , "id": 61 },
    { "name": "possum"           , "superclass": "medium-sized mammals"          , "id": 62 },
    { "name": "raccoon"          , "superclass": "medium-sized mammals"          , "id": 63 },
    { "name": "skunk"            , "superclass": "medium-sized mammals"          , "id": 64 },
    { "name": "crab"             , "superclass": "non-insect invertebrates"      , "id": 65 },
    { "name": "lobster"          , "superclass": "non-insect invertebrates"      , "id": 66 },
    { "name": "snail"            , "superclass": "non-insect invertebrates"      , "id": 67 },
    { "name": "spider"           , "superclass": "non-insect invertebrates"      , "id": 68 },
    { "name": "worm"             , "superclass": "non-insect invertebrates"      , "id": 69 },
    { "name": "baby"             , "superclass": "people"                        , "id": 70 },
    { "name": "boy"              , "superclass": "people"                        , "id": 71 },
    { "name": "girl"             , "superclass": "people"                        , "id": 72 },
    { "name": "man"              , "superclass": "people"                        , "id": 73 },
    { "name": "woman"            , "superclass": "people"                        , "id": 74 },
    { "name": "crocodile"        , "superclass": "reptiles"                      , "id": 75 },
    { "name": "dinosaur"         , "superclass": "reptiles"                      , "id": 76 },
    { "name": "lizard"           , "superclass": "reptiles"                      , "id": 77 },
    { "name": "snake"            , "superclass": "reptiles"                      , "id": 78 },
    { "name": "turtle"           , "superclass": "reptiles"                      , "id": 79 },
    { "name": "hamster"          , "superclass": "small mammals"                 , "id": 80 },
    { "name": "mouse"            , "superclass": "small mammals"                 , "id": 81 },
    { "name": "rabbit"           , "superclass": "small mammals"                 , "id": 82 },
    { "name": "shrew"            , "superclass": "small mammals"                 , "id": 83 },
    { "name": "squirrel"         , "superclass": "small mammals"                 , "id": 84 },
    { "name": "maple"            , "superclass": "trees"                         , "id": 85 },
    { "name": "oak"              , "superclass": "trees"                         , "id": 86 },
    { "name": "palm"             , "superclass": "trees"                         , "id": 87 },
    { "name": "pine"             , "superclass": "trees"                         , "id": 88 },
    { "name": "willow"           , "superclass": "trees"                         , "id": 89 },
    { "name": "bicycle"          , "superclass": "vehicles 1"                    , "id": 90 },
    { "name": "bus"              , "superclass": "vehicles 1"                    , "id": 91 },
    { "name": "motorcycle"       , "superclass": "vehicles 1"                    , "id": 92 },
    { "name": "pickup truck"     , "superclass": "vehicles 1"                    , "id": 93 },
    { "name": "train"            , "superclass": "vehicles 1"                    , "id": 94 },
    { "name": "lawn-mower"       , "superclass": "vehicles 2"                    , "id": 95 },
    { "name": "rocket"           , "superclass": "vehicles 2"                    , "id": 96 },
    { "name": "streetcar"        , "superclass": "vehicles 2"                    , "id": 97 },
    { "name": "tank"             , "superclass": "vehicles 2"                    , "id": 98 },
    { "name": "tractor"          , "superclass": "vehicles 2"                    , "id": 99 }
  ]
}
