{
    "class_labels": [
        {"id": "0"  , "synset_id": "n02672831:", "name": "accordion"            , "color": [74 , 220, 96]},
        {"id": "1"  , "synset_id": "n02691156:", "name": "airplane"             , "color": [68 , 167, 98]},
        {"id": "2"  , "synset_id": "n02219486:", "name": "ant"                  , "color": [121, 43 , 114]},
        {"id": "3"  , "synset_id": "n02419796:", "name": "antelope"             , "color": [219, 80 , 66]},
        {"id": "4"  , "synset_id": "n07739125:", "name": "apple"                , "color": [186, 255, 114]},
        {"id": "5"  , "synset_id": "n02454379:", "name": "armadillo"            , "color": [173, 69 , 5]},
        {"id": "6"  , "synset_id": "n07718747:", "name": "artichoke"            , "color": [33 , 56 , 124]},
        {"id": "7"  , "synset_id": "n02764044:", "name": "axe"                  , "color": [0  , 61 , 143]},
        {"id": "8"  , "synset_id": "n02766320:", "name": "baby bed"             , "color": [192, 199, 114]},
        {"id": "9"  , "synset_id": "n02769748:", "name": "backpack"             , "color": [235, 164, 62]},
        {"id": "10" , "synset_id": "n07693725:", "name": "bagel"                , "color": [247, 12 , 139]},
        {"id": "11" , "synset_id": "n02777292:", "name": "balance beam"         , "color": [157, 112, 0]},
        {"id": "12" , "synset_id": "n07753592:", "name": "banana"               , "color": [196, 38 , 168]},
        {"id": "13" , "synset_id": "n02786058:", "name": "band aid"             , "color": [76 , 173, 240]},
        {"id": "14" , "synset_id": "n02787622:", "name": "banjo"                , "color": [168, 23 , 255]},
        {"id": "15" , "synset_id": "n02799071:", "name": "baseball"             , "color": [7  , 94 , 182]},
        {"id": "16" , "synset_id": "n02802426:", "name": "basketball"           , "color": [182, 5  , 222]},
        {"id": "17" , "synset_id": "n02807133:", "name": "bathing cap"          , "color": [40 , 16 , 117]},
        {"id": "18" , "synset_id": "n02815834:", "name": "beaker"               , "color": [240, 19 , 194]},
        {"id": "19" , "synset_id": "n02131653:", "name": "bear"                 , "color": [87 , 7  , 191]},
        {"id": "20" , "synset_id": "n02206856:", "name": "bee"                  , "color": [122, 98 , 207]},
        {"id": "21" , "synset_id": "n07720875:", "name": "bell pepper"          , "color": [77 , 89 , 17]},
        {"id": "22" , "synset_id": "n02828884:", "name": "bench"                , "color": [97 , 115, 41]},
        {"id": "23" , "synset_id": "n02834778:", "name": "bicycle"              , "color": [212, 28 , 42]},
        {"id": "24" , "synset_id": "n02840245:", "name": "binder"               , "color": [165, 124, 151]},
        {"id": "25" , "synset_id": "n01503061:", "name": "bird"                 , "color": [206, 209, 64]},
        {"id": "26" , "synset_id": "n02870880:", "name": "bookshelf"            , "color": [177, 58 , 26]},
        {"id": "27" , "synset_id": "n02879718:", "name": "bow"                  , "color": [132, 100, 237]},
        {"id": "28" , "synset_id": "n02883205:", "name": "bow tie"              , "color": [109, 122, 198]},
        {"id": "29" , "synset_id": "n02880940:", "name": "bowl"                 , "color": [106, 136, 223]},
        {"id": "30" , "synset_id": "n02892767:", "name": "brassiere"            , "color": [100, 95 , 63]},
        {"id": "31" , "synset_id": "n07880968:", "name": "burrito"              , "color": [9  , 113, 38]},
        {"id": "32" , "synset_id": "n02924116:", "name": "bus"                  , "color": [58 , 106, 135]},
        {"id": "33" , "synset_id": "n02274259:", "name": "butterfly"            , "color": [216, 107, 255]},
        {"id": "34" , "synset_id": "n02437136:", "name": "camel"                , "color": [111, 151, 83]},
        {"id": "35" , "synset_id": "n02951585:", "name": "can opener"           , "color": [198, 249, 166]},
        {"id": "36" , "synset_id": "n02958343:", "name": "car"                  , "color": [116, 1  , 50]},
        {"id": "37" , "synset_id": "n02970849:", "name": "cart"                 , "color": [219, 35 , 197]},
        {"id": "38" , "synset_id": "n02402425:", "name": "cattle"               , "color": [28 , 246, 17]},
        {"id": "39" , "synset_id": "n02992211:", "name": "cello"                , "color": [105, 117, 71]},
        {"id": "40" , "synset_id": "n01784675:", "name": "centipede"            , "color": [105, 74 , 58]},
        {"id": "41" , "synset_id": "n03000684:", "name": "chain saw"            , "color": [217, 177, 83]},
        {"id": "42" , "synset_id": "n03001627:", "name": "chair"                , "color": [146, 70 , 175]},
        {"id": "43" , "synset_id": "n03017168:", "name": "chime"                , "color": [98 , 193, 6]},
        {"id": "44" , "synset_id": "n03062245:", "name": "cocktail shaker"      , "color": [228, 7  , 189]},
        {"id": "45" , "synset_id": "n03063338:", "name": "coffee maker"         , "color": [183, 214, 118]},
        {"id": "46" , "synset_id": "n03085013:", "name": "computer keyboard"    , "color": [152, 166, 204]},
        {"id": "47" , "synset_id": "n03793489:", "name": "computer mouse"       , "color": [177, 92 , 8]},
        {"id": "48" , "synset_id": "n03109150:", "name": "corkscrew"            , "color": [131, 77 , 186]},
        {"id": "49" , "synset_id": "n03128519:", "name": "cream"                , "color": [47 , 90 , 217]},
        {"id": "50" , "synset_id": "n03134739:", "name": "croquet ball"         , "color": [47 , 225, 231]},
        {"id": "51" , "synset_id": "n03141823:", "name": "crutch"               , "color": [234, 100, 132]},
        {"id": "52" , "synset_id": "n07718472:", "name": "cucumber"             , "color": [21 , 11 , 80]},
        {"id": "53" , "synset_id": "n03797390:", "name": "cup or mug"           , "color": [169, 217, 104]},
        {"id": "54" , "synset_id": "n03188531:", "name": "diaper"               , "color": [8  , 128, 182]},
        {"id": "55" , "synset_id": "n03196217:", "name": "digital clock"        , "color": [27 , 113, 34]},
        {"id": "56" , "synset_id": "n03207941:", "name": "dishwasher"           , "color": [217, 44 , 42]},
        {"id": "57" , "synset_id": "n02084071:", "name": "dog"                  , "color": [229, 92 , 251]},
        {"id": "58" , "synset_id": "n02121808:", "name": "domestic cat"         , "color": [103, 218, 34]},
        {"id": "59" , "synset_id": "n02268443:", "name": "dragonfly"            , "color": [72 , 73 , 25]},
        {"id": "60" , "synset_id": "n03249569:", "name": "drum"                 , "color": [242, 119, 164]},
        {"id": "61" , "synset_id": "n03255030:", "name": "dumbbell"             , "color": [26 , 55 , 215]},
        {"id": "62" , "synset_id": "n03271574:", "name": "electric fan"         , "color": [61 , 238, 141]},
        {"id": "63" , "synset_id": "n02503517:", "name": "elephant"             , "color": [33 , 205, 136]},
        {"id": "64" , "synset_id": "n03314780:", "name": "face powder"          , "color": [58 , 211, 164]},
        {"id": "65" , "synset_id": "n07753113:", "name": "fig"                  , "color": [178, 91 , 175]},
        {"id": "66" , "synset_id": "n03337140:", "name": "filing cabinet"       , "color": [36 , 30 , 165]},
        {"id": "67" , "synset_id": "n03991062:", "name": "flower pot"           , "color": [187, 216, 234]},
        {"id": "68" , "synset_id": "n03372029:", "name": "flute"                , "color": [57 , 29 , 0]},
        {"id": "69" , "synset_id": "n02118333:", "name": "fox"                  , "color": [55 , 211, 18]},
        {"id": "70" , "synset_id": "n03394916:", "name": "french horn"          , "color": [186, 180, 88]},
        {"id": "71" , "synset_id": "n01639765:", "name": "frog"                 , "color": [191, 55 , 39]},
        {"id": "72" , "synset_id": "n03400231:", "name": "frying pan"           , "color": [70 , 215, 170]},
        {"id": "73" , "synset_id": "n02510455:", "name": "giant panda"          , "color": [18 , 77 , 129]},
        {"id": "74" , "synset_id": "n01443537:", "name": "goldfish"             , "color": [110, 81 , 73]},
        {"id": "75" , "synset_id": "n03445777:", "name": "golf ball"            , "color": [119, 191, 65]},
        {"id": "76" , "synset_id": "n03445924:", "name": "golfcart"             , "color": [149, 179, 59]},
        {"id": "77" , "synset_id": "n07583066:", "name": "guacamole"            , "color": [31 , 28 , 11]},
        {"id": "78" , "synset_id": "n03467517:", "name": "guitar"               , "color": [99 , 135, 131]},
        {"id": "79" , "synset_id": "n03483316:", "name": "hair dryer"           , "color": [26 , 53 , 134]},
        {"id": "80" , "synset_id": "n03476991:", "name": "hair spray"           , "color": [15 , 181, 181]},
        {"id": "81" , "synset_id": "n07697100:", "name": "hamburger"            , "color": [101, 182, 6]},
        {"id": "82" , "synset_id": "n03481172:", "name": "hammer"               , "color": [163, 165, 246]},
        {"id": "83" , "synset_id": "n02342885:", "name": "hamster"              , "color": [203, 37 , 10]},
        {"id": "84" , "synset_id": "n03494278:", "name": "harmonica"            , "color": [227, 30 , 175]},
        {"id": "85" , "synset_id": "n03495258:", "name": "harp"                 , "color": [107, 40 , 23]},
        {"id": "86" , "synset_id": "n03124170:", "name": "hat with a wide brim" , "color": [204, 37 , 250]},
        {"id": "87" , "synset_id": "n07714571:", "name": "head cabbage"         , "color": [41 , 251, 244]},
        {"id": "88" , "synset_id": "n03513137:", "name": "helmet"               , "color": [66 , 71 , 244]},
        {"id": "89" , "synset_id": "n02398521:", "name": "hippopotamus"         , "color": [96 , 159, 238]},
        {"id": "90" , "synset_id": "n03535780:", "name": "horizontal bar"       , "color": [56 , 149, 89]},
        {"id": "91" , "synset_id": "n02374451:", "name": "horse"                , "color": [62 , 98 , 123]},
        {"id": "92" , "synset_id": "n07697537:", "name": "hotdog"               , "color": [211, 204, 8]},
        {"id": "93" , "synset_id": "n03584254:", "name": "iPod"                 , "color": [7  , 120, 160]},
        {"id": "94" , "synset_id": "n01990800:", "name": "isopod"               , "color": [144, 128, 157]},
        {"id": "95" , "synset_id": "n01910747:", "name": "jellyfish"            , "color": [91 , 164, 197]},
        {"id": "96" , "synset_id": "n01882714:", "name": "koala bear"           , "color": [104, 168, 169]},
        {"id": "97" , "synset_id": "n03633091:", "name": "ladle"                , "color": [166, 83 , 5]},
        {"id": "98" , "synset_id": "n02165456:", "name": "ladybug"              , "color": [22 , 178, 109]},
        {"id": "99" , "synset_id": "n03636649:", "name": "lamp"                 , "color": [148, 44 , 49]},
        {"id": "100", "synset_id": "n03642806:", "name": "laptop"               , "color": [217, 37 , 250]},
        {"id": "101", "synset_id": "n07749582:", "name": "lemon"                , "color": [29 , 150, 98]},
        {"id": "102", "synset_id": "n02129165:", "name": "lion"                 , "color": [82 , 95 , 68]},
        {"id": "103", "synset_id": "n03676483:", "name": "lipstick"             , "color": [210, 146, 2]},
        {"id": "104", "synset_id": "n01674464:", "name": "lizard"               , "color": [26 , 130, 16]},
        {"id": "105", "synset_id": "n01982650:", "name": "lobster"              , "color": [15 , 121, 56]},
        {"id": "106", "synset_id": "n03710721:", "name": "maillot"              , "color": [82 , 31 , 98]},
        {"id": "107", "synset_id": "n03720891:", "name": "maraca"               , "color": [218, 52 , 5]},
        {"id": "108", "synset_id": "n03759954:", "name": "microphone"           , "color": [191, 234, 94]},
        {"id": "109", "synset_id": "n03761084:", "name": "microwave"            , "color": [48 , 80 , 101]},
        {"id": "110", "synset_id": "n03764736:", "name": "milk can"             , "color": [244, 18 , 124]},
        {"id": "111", "synset_id": "n03770439:", "name": "miniskirt"            , "color": [237, 222, 75]},
        {"id": "112", "synset_id": "n02484322:", "name": "monkey"               , "color": [8  , 249, 170]},
        {"id": "113", "synset_id": "n03790512:", "name": "motorcycle"           , "color": [199, 65 , 39]},
        {"id": "114", "synset_id": "n07734744:", "name": "mushroom"             , "color": [202, 235, 188]},
        {"id": "115", "synset_id": "n03804744:", "name": "nail"                 , "color": [50 , 168, 103]},
        {"id": "116", "synset_id": "n03814639:", "name": "neck brace"           , "color": [253, 210, 175]},
        {"id": "117", "synset_id": "n03838899:", "name": "oboe"                 , "color": [202, 188, 252]},
        {"id": "118", "synset_id": "n07747607:", "name": "orange"               , "color": [189, 205, 31]},
        {"id": "119", "synset_id": "n02444819:", "name": "otter"                , "color": [78 , 242, 186]},
        {"id": "120", "synset_id": "n03908618:", "name": "pencil box"           , "color": [254, 91 , 251]},
        {"id": "121", "synset_id": "n03908714:", "name": "pencil sharpener"     , "color": [14 , 46 , 192]},
        {"id": "122", "synset_id": "n03916031:", "name": "perfume"              , "color": [104, 211, 31]},
        {"id": "123", "synset_id": "n00007846:", "name": "person"               , "color": [216, 251, 248]},
        {"id": "124", "synset_id": "n03928116:", "name": "piano"                , "color": [126, 90 , 226]},
        {"id": "125", "synset_id": "n07753275:", "name": "pineapple"            , "color": [226, 46 , 119]},
        {"id": "126", "synset_id": "n03942813:", "name": "ping-pong ball"       , "color": [208, 204, 94]},
        {"id": "127", "synset_id": "n03950228:", "name": "pitcher"              , "color": [166, 57 , 131]},
        {"id": "128", "synset_id": "n07873807:", "name": "pizza"                , "color": [132, 157, 199]},
        {"id": "129", "synset_id": "n03958227:", "name": "plastic bag"          , "color": [183, 208, 239]},
        {"id": "130", "synset_id": "n03961711:", "name": "plate rack"           , "color": [222, 8  , 239]},
        {"id": "131", "synset_id": "n07768694:", "name": "pomegranate"          , "color": [236, 25 , 227]},
        {"id": "132", "synset_id": "n07615774:", "name": "popsicle"             , "color": [232, 217, 129]},
        {"id": "133", "synset_id": "n02346627:", "name": "porcupine"            , "color": [158, 191, 51]},
        {"id": "134", "synset_id": "n03995372:", "name": "power drill"          , "color": [243, 99 , 182]},
        {"id": "135", "synset_id": "n07695742:", "name": "pretzel"              , "color": [172, 118, 151]},
        {"id": "136", "synset_id": "n04004767:", "name": "printer"              , "color": [74 , 180, 20]},
        {"id": "137", "synset_id": "n04019541:", "name": "puck"                 , "color": [44 , 80 , 146]},
        {"id": "138", "synset_id": "n04023962:", "name": "punching bag"         , "color": [214, 236, 117]},
        {"id": "139", "synset_id": "n04026417:", "name": "purse"                , "color": [148, 180, 21]},
        {"id": "140", "synset_id": "n02324045:", "name": "rabbit"               , "color": [249, 218, 3]},
        {"id": "141", "synset_id": "n04039381:", "name": "racket"               , "color": [128, 248, 37]},
        {"id": "142", "synset_id": "n01495701:", "name": "ray"                  , "color": [69 , 187, 5]},
        {"id": "143", "synset_id": "n02509815:", "name": "red panda"            , "color": [208, 62 , 248]},
        {"id": "144", "synset_id": "n04070727:", "name": "refrigerator"         , "color": [71 , 172, 158]},
        {"id": "145", "synset_id": "n04074963:", "name": "remote control"       , "color": [42 , 97 , 236]},
        {"id": "146", "synset_id": "n04116512:", "name": "rubber eraser"        , "color": [13 , 101, 15]},
        {"id": "147", "synset_id": "n04118538:", "name": "rugby ball"           , "color": [81 , 88 , 199]},
        {"id": "148", "synset_id": "n04118776:", "name": "ruler"                , "color": [42 , 37 , 16]},
        {"id": "149", "synset_id": "n04131690:", "name": "salt or pepper shaker", "color": [81 , 151, 210]},
        {"id": "150", "synset_id": "n04141076:", "name": "saxophone"            , "color": [44 , 227, 96]},
        {"id": "151", "synset_id": "n01770393:", "name": "scorpion"             , "color": [139, 210, 124]},
        {"id": "152", "synset_id": "n04154565:", "name": "screwdriver"          , "color": [113, 88 , 182]},
        {"id": "153", "synset_id": "n02076196:", "name": "seal"                 , "color": [228, 143, 129]},
        {"id": "154", "synset_id": "n02411705:", "name": "sheep"                , "color": [222, 115, 15]},
        {"id": "155", "synset_id": "n04228054:", "name": "ski"                  , "color": [182, 249, 54]},
        {"id": "156", "synset_id": "n02445715:", "name": "skunk"                , "color": [182, 40 , 126]},
        {"id": "157", "synset_id": "n01944390:", "name": "snail"                , "color": [44 , 71 , 136]},
        {"id": "158", "synset_id": "n01726692:", "name": "snake"                , "color": [37 , 118, 13]},
        {"id": "159", "synset_id": "n04252077:", "name": "snowmobile"           , "color": [8  , 42 , 229]},
        {"id": "160", "synset_id": "n04252225:", "name": "snowplow"             , "color": [174, 197, 7]},
        {"id": "161", "synset_id": "n04254120:", "name": "soap dispenser"       , "color": [74 , 89 , 105]},
        {"id": "162", "synset_id": "n04254680:", "name": "soccer ball"          , "color": [15 , 118, 52]},
        {"id": "163", "synset_id": "n04256520:", "name": "sofa"                 , "color": [168, 132, 102]},
        {"id": "164", "synset_id": "n04270147:", "name": "spatula"              , "color": [101, 53 , 34]},
        {"id": "165", "synset_id": "n02355227:", "name": "squirrel"             , "color": [243, 11 , 121]},
        {"id": "166", "synset_id": "n02317335:", "name": "starfish"             , "color": [74 , 249, 68]},
        {"id": "167", "synset_id": "n04317175:", "name": "stethoscope"          , "color": [101, 10 , 29]},
        {"id": "168", "synset_id": "n04330267:", "name": "stove"                , "color": [64 , 109, 15]},
        {"id": "169", "synset_id": "n04332243:", "name": "strainer"             , "color": [169, 49 , 183]},
        {"id": "170", "synset_id": "n07745940:", "name": "strawberry"           , "color": [110, 179, 183]},
        {"id": "171", "synset_id": "n04336792:", "name": "stretcher"            , "color": [61 , 209, 133]},
        {"id": "172", "synset_id": "n04356056:", "name": "sunglasses"           , "color": [99 , 24 , 203]},
        {"id": "173", "synset_id": "n04371430:", "name": "swimming trunks"      , "color": [53 , 83 , 57]},
        {"id": "174", "synset_id": "n02395003:", "name": "swine"                , "color": [248, 118, 227]},
        {"id": "175", "synset_id": "n04376876:", "name": "syringe"              , "color": [200, 46 , 18]},
        {"id": "176", "synset_id": "n04379243:", "name": "table"                , "color": [233, 80 , 224]},
        {"id": "177", "synset_id": "n04392985:", "name": "tape player"          , "color": [72 , 104, 165]},
        {"id": "178", "synset_id": "n04409515:", "name": "tennis ball"          , "color": [95 , 78 , 147]},
        {"id": "179", "synset_id": "n01776313:", "name": "tick"                 , "color": [5  , 123, 40]},
        {"id": "180", "synset_id": "n04591157:", "name": "tie"                  , "color": [243, 180, 46]},
        {"id": "181", "synset_id": "n02129604:", "name": "tiger"                , "color": [137, 93 , 236]},
        {"id": "182", "synset_id": "n04442312:", "name": "toaster"              , "color": [144, 36 , 188]},
        {"id": "183", "synset_id": "n06874185:", "name": "traffic light"        , "color": [172, 203, 141]},
        {"id": "184", "synset_id": "n04468005:", "name": "train"                , "color": [196, 151, 60]},
        {"id": "185", "synset_id": "n04487394:", "name": "trombone"             , "color": [16 , 56 , 37]},
        {"id": "186", "synset_id": "n03110669:", "name": "trumpet"              , "color": [114, 125, 56]},
        {"id": "187", "synset_id": "n01662784:", "name": "turtle"               , "color": [42 , 45 , 195]},
        {"id": "188", "synset_id": "n03211117:", "name": "tv or monitor"        , "color": [11 , 51 , 59]},
        {"id": "189", "synset_id": "n04509417:", "name": "unicycle"             , "color": [136, 215, 199]},
        {"id": "190", "synset_id": "n04517823:", "name": "vacuum"               , "color": [34 , 87 , 132]},
        {"id": "191", "synset_id": "n04536866:", "name": "violin"               , "color": [97 , 12 , 236]},
        {"id": "192", "synset_id": "n04540053:", "name": "volleyball"           , "color": [157, 30 , 59]},
        {"id": "193", "synset_id": "n04542943:", "name": "waffle iron"          , "color": [34 , 140, 201]},
        {"id": "194", "synset_id": "n04554684:", "name": "washer"               , "color": [44 , 199, 45]},
        {"id": "195", "synset_id": "n04557648:", "name": "water bottle"         , "color": [68 , 93 , 234]},
        {"id": "196", "synset_id": "n04530566:", "name": "watercraft"           , "color": [146, 225, 112]},
        {"id": "197", "synset_id": "n02062744:", "name": "whale"                , "color": [171, 207, 141]},
        {"id": "198", "synset_id": "n04591713:", "name": "wine bottle"          , "color": [147, 144, 243]},
        {"id": "199", "synset_id": "n02391049:", "name": "zebra"                , "color": [65 , 62 , 151]}
    ]
}
