{"id": "0", "synset_id": "n02672831:", "name": "accordion", "color": [37, 127, 87]},
{"id": "1", "synset_id": "n02691156:", "name": "airplane", "color": [78, 67, 228]},
{"id": "2", "synset_id": "n02219486:", "name": "ant", "color": [22, 192, 79]},
{"id": "3", "synset_id": "n02419796:", "name": "antelope", "color": [132, 119, 51]},
{"id": "4", "synset_id": "n07739125:", "name": "apple", "color": [109, 41, 251]},
{"id": "5", "synset_id": "n02454379:", "name": "armadillo", "color": [152, 48, 215]},
{"id": "6", "synset_id": "n07718747:", "name": "artichoke", "color": [6, 84, 245]},
{"id": "7", "synset_id": "n02764044:", "name": "axe", "color": [169, 42, 36]},
{"id": "8", "synset_id": "n02766320:", "name": "baby bed", "color": [95, 152, 98]},
{"id": "9", "synset_id": "n02769748:", "name": "backpack", "color": [36, 119, 238]},
{"id": "10", "synset_id": "n07693725:", "name": "bagel", "color": [176, 98, 193]},
{"id": "11", "synset_id": "n02777292:", "name": "balance beam", "color": [239, 244, 63]},
{"id": "12", "synset_id": "n07753592:", "name": "banana", "color": [200, 75, 206]},
{"id": "13", "synset_id": "n02786058:", "name": "band aid", "color": [187, 176, 114]},
{"id": "14", "synset_id": "n02787622:", "name": "banjo", "color": [210, 104, 168]},
{"id": "15", "synset_id": "n02799071:", "name": "baseball", "color": [215, 161, 154]},
{"id": "16", "synset_id": "n02802426:", "name": "basketball", "color": [69, 240, 201]},
{"id": "17", "synset_id": "n02807133:", "name": "bathing cap", "color": [89, 234, 58]},
{"id": "18", "synset_id": "n02815834:", "name": "beaker", "color": [121, 169, 255]},
{"id": "19", "synset_id": "n02131653:", "name": "bear", "color": [230, 90, 181]},
{"id": "20", "synset_id": "n02206856:", "name": "bee", "color": [177, 107, 214]},
{"id": "21", "synset_id": "n07720875:", "name": "bell pepper", "color": [48, 225, 216]},
{"id": "22", "synset_id": "n02828884:", "name": "bench", "color": [78, 224, 24]},
{"id": "23", "synset_id": "n02834778:", "name": "bicycle", "color": [101, 91, 190]},
{"id": "24", "synset_id": "n02840245:", "name": "binder", "color": [2, 172, 227]},
{"id": "25", "synset_id": "n01503061:", "name": "bird", "color": [116, 35, 85]},
{"id": "26", "synset_id": "n02870880:", "name": "bookshelf", "color": [101, 235, 51]},
{"id": "27", "synset_id": "n02879718:", "name": "bow", "color": [152, 63, 136]},
{"id": "28", "synset_id": "n02883205:", "name": "bow tie", "color": [75, 71, 255]},
{"id": "29", "synset_id": "n02880940:", "name": "bowl", "color": [186, 21, 53]},
{"id": "30", "synset_id": "n02892767:", "name": "brassiere", "color": [187, 246, 124]},
{"id": "31", "synset_id": "n07880968:", "name": "burrito", "color": [72, 12, 243]},
{"id": "32", "synset_id": "n02924116:", "name": "bus", "color": [236, 10, 120]},
{"id": "33", "synset_id": "n02274259:", "name": "butterfly", "color": [28, 26, 40]},
{"id": "34", "synset_id": "n02437136:", "name": "camel", "color": [156, 144, 95]},
{"id": "35", "synset_id": "n02951585:", "name": "can opener", "color": [47, 201, 69]},
{"id": "36", "synset_id": "n02958343:", "name": "car", "color": [115, 69, 189]},
{"id": "37", "synset_id": "n02970849:", "name": "cart", "color": [181, 190, 180]},
{"id": "38", "synset_id": "n02402425:", "name": "cattle", "color": [8, 135, 4]},
{"id": "39", "synset_id": "n02992211:", "name": "cello", "color": [226, 83, 67]},
{"id": "40", "synset_id": "n01784675:", "name": "centipede", "color": [216, 113, 140]},
{"id": "41", "synset_id": "n03000684:", "name": "chain saw", "color": [160, 194, 88]},
{"id": "42", "synset_id": "n03001627:", "name": "chair", "color": [117, 179, 24]},
{"id": "43", "synset_id": "n03017168:", "name": "chime", "color": [99, 24, 239]},
{"id": "44", "synset_id": "n03062245:", "name": "cocktail shaker", "color": [121, 248, 101]},
{"id": "45", "synset_id": "n03063338:", "name": "coffee maker", "color": [118, 147, 51]},
{"id": "46", "synset_id": "n03085013:", "name": "computer keyboard", "color": [136, 45, 135]},
{"id": "47", "synset_id": "n03793489:", "name": "computer mouse", "color": [6, 229, 143]},
{"id": "48", "synset_id": "n03109150:", "name": "corkscrew", "color": [217, 245, 106]},
{"id": "49", "synset_id": "n03128519:", "name": "cream", "color": [67, 47, 49]},
{"id": "50", "synset_id": "n03134739:", "name": "croquet ball", "color": [168, 202, 205]},
{"id": "51", "synset_id": "n03141823:", "name": "crutch", "color": [173, 34, 14]},
{"id": "52", "synset_id": "n07718472:", "name": "cucumber", "color": [104, 126, 149]},
{"id": "53", "synset_id": "n03797390:", "name": "cup or mug", "color": [21, 32, 119]},
{"id": "54", "synset_id": "n03188531:", "name": "diaper", "color": [102, 54, 11]},
{"id": "55", "synset_id": "n03196217:", "name": "digital clock", "color": [128, 39, 153]},
{"id": "56", "synset_id": "n03207941:", "name": "dishwasher", "color": [123, 102, 94]},
{"id": "57", "synset_id": "n02084071:", "name": "dog", "color": [94, 229, 132]},
{"id": "58", "synset_id": "n02121808:", "name": "domestic cat", "color": [34, 113, 24]},
{"id": "59", "synset_id": "n02268443:", "name": "dragonfly", "color": [25, 111, 131]},
{"id": "60", "synset_id": "n03249569:", "name": "drum", "color": [22, 152, 137]},
{"id": "61", "synset_id": "n03255030:", "name": "dumbbell", "color": [242, 132, 185]},
{"id": "62", "synset_id": "n03271574:", "name": "electric fan", "color": [156, 104, 164]},
{"id": "63", "synset_id": "n02503517:", "name": "elephant", "color": [35, 161, 100]},
{"id": "64", "synset_id": "n03314780:", "name": "face powder", "color": [203, 246, 253]},
{"id": "65", "synset_id": "n07753113:", "name": "fig", "color": [53, 107, 193]},
{"id": "66", "synset_id": "n03337140:", "name": "filing cabinet", "color": [109, 232, 78]},
{"id": "67", "synset_id": "n03991062:", "name": "flower pot", "color": [19, 150, 211]},
{"id": "68", "synset_id": "n03372029:", "name": "flute", "color": [73, 25, 161]},
{"id": "69", "synset_id": "n02118333:", "name": "fox", "color": [67, 73, 83]},
{"id": "70", "synset_id": "n03394916:", "name": "french horn", "color": [137, 117, 186]},
{"id": "71", "synset_id": "n01639765:", "name": "frog", "color": [230, 126, 45]},
{"id": "72", "synset_id": "n03400231:", "name": "frying pan", "color": [71, 70, 2]},
{"id": "73", "synset_id": "n02510455:", "name": "giant panda", "color": [202, 213, 214]},
{"id": "74", "synset_id": "n01443537:", "name": "goldfish", "color": [158, 68, 179]},
{"id": "75", "synset_id": "n03445777:", "name": "golf ball", "color": [227, 172, 194]},
{"id": "76", "synset_id": "n03445924:", "name": "golfcart", "color": [16, 137, 220]},
{"id": "77", "synset_id": "n07583066:", "name": "guacamole", "color": [250, 75, 31]},
{"id": "78", "synset_id": "n03467517:", "name": "guitar", "color": [251, 199, 206]},
{"id": "79", "synset_id": "n03483316:", "name": "hair dryer", "color": [73, 105, 248]},
{"id": "80", "synset_id": "n03476991:", "name": "hair spray", "color": [199, 91, 146]},
{"id": "81", "synset_id": "n07697100:", "name": "hamburger", "color": [199, 184, 220]},
{"id": "82", "synset_id": "n03481172:", "name": "hammer", "color": [200, 177, 108]},
{"id": "83", "synset_id": "n02342885:", "name": "hamster", "color": [193, 209, 243]},
{"id": "84", "synset_id": "n03494278:", "name": "harmonica", "color": [54, 50, 225]},
{"id": "85", "synset_id": "n03495258:", "name": "harp", "color": [205, 40, 66]},
{"id": "86", "synset_id": "n03124170:", "name": "hat with a wide brim", "color": [224, 220, 82]},
{"id": "87", "synset_id": "n07714571:", "name": "head cabbage", "color": [237, 129, 90]},
{"id": "88", "synset_id": "n03513137:", "name": "helmet", "color": [240, 87, 109]},
{"id": "89", "synset_id": "n02398521:", "name": "hippopotamus", "color": [16, 54, 136]},
{"id": "90", "synset_id": "n03535780:", "name": "horizontal bar", "color": [41, 86, 42]},
{"id": "91", "synset_id": "n02374451:", "name": "horse", "color": [87, 37, 212]},
{"id": "92", "synset_id": "n07697537:", "name": "hotdog", "color": [130, 122, 138]},
{"id": "93", "synset_id": "n03584254:", "name": "iPod", "color": [194, 81, 210]},
{"id": "94", "synset_id": "n01990800:", "name": "isopod", "color": [167, 246, 2]},
{"id": "95", "synset_id": "n01910747:", "name": "jellyfish", "color": [16, 168, 64]},
{"id": "96", "synset_id": "n01882714:", "name": "koala bear", "color": [220, 169, 215]},
{"id": "97", "synset_id": "n03633091:", "name": "ladle", "color": [50, 24, 202]},
{"id": "98", "synset_id": "n02165456:", "name": "ladybug", "color": [149, 116, 135]},
{"id": "99", "synset_id": "n03636649:", "name": "lamp", "color": [232, 46, 99]},
{"id": "100", "synset_id": "n03642806:", "name": "laptop", "color": [242, 48, 80]},
{"id": "101", "synset_id": "n07749582:", "name": "lemon", "color": [255, 179, 21]},
{"id": "102", "synset_id": "n02129165:", "name": "lion", "color": [218, 236, 120]},
{"id": "103", "synset_id": "n03676483:", "name": "lipstick", "color": [178, 202, 70]},
{"id": "104", "synset_id": "n01674464:", "name": "lizard", "color": [239, 25, 120]},
{"id": "105", "synset_id": "n01982650:", "name": "lobster", "color": [4, 194, 176]},
{"id": "106", "synset_id": "n03710721:", "name": "maillot", "color": [152, 208, 197]},
{"id": "107", "synset_id": "n03720891:", "name": "maraca", "color": [175, 118, 151]},
{"id": "108", "synset_id": "n03759954:", "name": "microphone", "color": [105, 87, 127]},
{"id": "109", "synset_id": "n03761084:", "name": "microwave", "color": [96, 75, 111]},
{"id": "110", "synset_id": "n03764736:", "name": "milk can", "color": [83, 132, 95]},
{"id": "111", "synset_id": "n03770439:", "name": "miniskirt", "color": [240, 18, 2]},
{"id": "112", "synset_id": "n02484322:", "name": "monkey", "color": [41, 105, 195]},
{"id": "113", "synset_id": "n03790512:", "name": "motorcycle", "color": [48, 197, 99]},
{"id": "114", "synset_id": "n07734744:", "name": "mushroom", "color": [219, 254, 89]},
{"id": "115", "synset_id": "n03804744:", "name": "nail", "color": [99, 135, 146]},
{"id": "116", "synset_id": "n03814639:", "name": "neck brace", "color": [93, 213, 143]},
{"id": "117", "synset_id": "n03838899:", "name": "oboe", "color": [54, 128, 193]},
{"id": "118", "synset_id": "n07747607:", "name": "orange", "color": [123, 99, 238]},
{"id": "119", "synset_id": "n02444819:", "name": "otter", "color": [119, 107, 238]},
{"id": "120", "synset_id": "n03908618:", "name": "pencil box", "color": [241, 80, 140]},
{"id": "121", "synset_id": "n03908714:", "name": "pencil sharpener", "color": [55, 133, 139]},
{"id": "122", "synset_id": "n03916031:", "name": "perfume", "color": [215, 47, 234]},
{"id": "123", "synset_id": "n00007846:", "name": "person", "color": [206, 134, 232]},
{"id": "124", "synset_id": "n03928116:", "name": "piano", "color": [163, 62, 55]},
{"id": "125", "synset_id": "n07753275:", "name": "pineapple", "color": [225, 227, 175]},
{"id": "126", "synset_id": "n03942813:", "name": "ping-pong ball", "color": [94, 130, 194]},
{"id": "127", "synset_id": "n03950228:", "name": "pitcher", "color": [155, 166, 97]},
{"id": "128", "synset_id": "n07873807:", "name": "pizza", "color": [78, 53, 238]},
{"id": "129", "synset_id": "n03958227:", "name": "plastic bag", "color": [172, 243, 192]},
{"id": "130", "synset_id": "n03961711:", "name": "plate rack", "color": [178, 108, 218]},
{"id": "131", "synset_id": "n07768694:", "name": "pomegranate", "color": [6, 205, 8]},
{"id": "132", "synset_id": "n07615774:", "name": "popsicle", "color": [194, 5, 170]},
{"id": "133", "synset_id": "n02346627:", "name": "porcupine", "color": [2, 151, 97]},
{"id": "134", "synset_id": "n03995372:", "name": "power drill", "color": [30, 160, 241]},
{"id": "135", "synset_id": "n07695742:", "name": "pretzel", "color": [98, 39, 97]},
{"id": "136", "synset_id": "n04004767:", "name": "printer", "color": [148, 179, 124]},
{"id": "137", "synset_id": "n04019541:", "name": "puck", "color": [17, 232, 47]},
{"id": "138", "synset_id": "n04023962:", "name": "punching bag", "color": [102, 209, 68]},
{"id": "139", "synset_id": "n04026417:", "name": "purse", "color": [253, 105, 17]},
{"id": "140", "synset_id": "n02324045:", "name": "rabbit", "color": [198, 105, 241]},
{"id": "141", "synset_id": "n04039381:", "name": "racket", "color": [213, 101, 96]},
{"id": "142", "synset_id": "n01495701:", "name": "ray", "color": [144, 231, 242]},
{"id": "143", "synset_id": "n02509815:", "name": "red panda", "color": [149, 205, 105]},
{"id": "144", "synset_id": "n04070727:", "name": "refrigerator", "color": [214, 107, 123]},
{"id": "145", "synset_id": "n04074963:", "name": "remote control", "color": [210, 193, 128]},
{"id": "146", "synset_id": "n04116512:", "name": "rubber eraser", "color": [106, 39, 71]},
{"id": "147", "synset_id": "n04118538:", "name": "rugby ball", "color": [252, 163, 9]},
{"id": "148", "synset_id": "n04118776:", "name": "ruler", "color": [96, 124, 112]},
{"id": "149", "synset_id": "n04131690:", "name": "salt or pepper shaker", "color": [237, 149, 228]},
{"id": "150", "synset_id": "n04141076:", "name": "saxophone", "color": [104, 199, 188]},
{"id": "151", "synset_id": "n01770393:", "name": "scorpion", "color": [118, 98, 52]},
{"id": "152", "synset_id": "n04154565:", "name": "screwdriver", "color": [113, 162, 44]},
{"id": "153", "synset_id": "n02076196:", "name": "seal", "color": [168, 188, 123]},
{"id": "154", "synset_id": "n02411705:", "name": "sheep", "color": [25, 115, 15]},
{"id": "155", "synset_id": "n04228054:", "name": "ski", "color": [64, 26, 254]},
{"id": "156", "synset_id": "n02445715:", "name": "skunk", "color": [233, 159, 170]},
{"id": "157", "synset_id": "n01944390:", "name": "snail", "color": [60, 48, 55]},
{"id": "158", "synset_id": "n01726692:", "name": "snake", "color": [252, 89, 173]},
{"id": "159", "synset_id": "n04252077:", "name": "snowmobile", "color": [52, 91, 130]},
{"id": "160", "synset_id": "n04252225:", "name": "snowplow", "color": [94, 250, 168]},
{"id": "161", "synset_id": "n04254120:", "name": "soap dispenser", "color": [18, 153, 68]},
{"id": "162", "synset_id": "n04254680:", "name": "soccer ball", "color": [191, 113, 95]},
{"id": "163", "synset_id": "n04256520:", "name": "sofa", "color": [8, 98, 148]},
{"id": "164", "synset_id": "n04270147:", "name": "spatula", "color": [66, 103, 15]},
{"id": "165", "synset_id": "n02355227:", "name": "squirrel", "color": [100, 189, 224]},
{"id": "166", "synset_id": "n02317335:", "name": "starfish", "color": [59, 51, 123]},
{"id": "167", "synset_id": "n04317175:", "name": "stethoscope", "color": [92, 213, 111]},
{"id": "168", "synset_id": "n04330267:", "name": "stove", "color": [177, 101, 40]},
{"id": "169", "synset_id": "n04332243:", "name": "strainer", "color": [197, 107, 190]},
{"id": "170", "synset_id": "n07745940:", "name": "strawberry", "color": [81, 43, 134]},
{"id": "171", "synset_id": "n04336792:", "name": "stretcher", "color": [248, 6, 206]},
{"id": "172", "synset_id": "n04356056:", "name": "sunglasses", "color": [234, 90, 232]},
{"id": "173", "synset_id": "n04371430:", "name": "swimming trunks", "color": [122, 59, 231]},
{"id": "174", "synset_id": "n02395003:", "name": "swine", "color": [79, 206, 224]},
{"id": "175", "synset_id": "n04376876:", "name": "syringe", "color": [93, 121, 132]},
{"id": "176", "synset_id": "n04379243:", "name": "table", "color": [104, 203, 169]},
{"id": "177", "synset_id": "n04392985:", "name": "tape player", "color": [158, 99, 243]},
{"id": "178", "synset_id": "n04409515:", "name": "tennis ball", "color": [135, 53, 124]},
{"id": "179", "synset_id": "n01776313:", "name": "tick", "color": [161, 29, 9]},
{"id": "180", "synset_id": "n04591157:", "name": "tie", "color": [24, 64, 112]},
{"id": "181", "synset_id": "n02129604:", "name": "tiger", "color": [197, 154, 16]},
{"id": "182", "synset_id": "n04442312:", "name": "toaster", "color": [73, 238, 87]},
{"id": "183", "synset_id": "n06874185:", "name": "traffic light", "color": [217, 242, 231]},
{"id": "184", "synset_id": "n04468005:", "name": "train", "color": [140, 151, 227]},
{"id": "185", "synset_id": "n04487394:", "name": "trombone", "color": [5, 25, 33]},
{"id": "186", "synset_id": "n03110669:", "name": "trumpet", "color": [56, 158, 110]},
{"id": "187", "synset_id": "n01662784:", "name": "turtle", "color": [253, 147, 210]},
{"id": "188", "synset_id": "n03211117:", "name": "tv or monitor", "color": [235, 216, 112]},
{"id": "189", "synset_id": "n04509417:", "name": "unicycle", "color": [131, 188, 193]},
{"id": "190", "synset_id": "n04517823:", "name": "vacuum", "color": [127, 217, 66]},
{"id": "191", "synset_id": "n04536866:", "name": "violin", "color": [87, 252, 14]},
{"id": "192", "synset_id": "n04540053:", "name": "volleyball", "color": [95, 138, 8]},
{"id": "193", "synset_id": "n04542943:", "name": "waffle iron", "color": [33, 23, 23]},
{"id": "194", "synset_id": "n04554684:", "name": "washer", "color": [200, 99, 65]},
{"id": "195", "synset_id": "n04557648:", "name": "water bottle", "color": [152, 170, 141]},
{"id": "196", "synset_id": "n04530566:", "name": "watercraft", "color": [139, 46, 93]},
{"id": "197", "synset_id": "n02062744:", "name": "whale", "color": [223, 179, 65]},
{"id": "198", "synset_id": "n04591713:", "name": "wine bottle", "color": [20, 69, 114]},
{"id": "199", "synset_id": "n02391049:", "name": "zebra", "color": [8, 78, 84]},
