{
  "class_labels": [
    {"id": 0 , "name": "Vehicle_Car"                , "base_level": "dynamic objects", "intermediate_level": "vehicle"        , "color": [128, 0  , 0  ] },
    {"id": 1 , "name": "Vehicle_Bus"                , "base_level": "dynamic objects", "intermediate_level": "vehicle"        , "color": [139, 0  , 0  ] },
    {"id": 2 , "name": "Vehicle_Motorcycle"         , "base_level": "dynamic objects", "intermediate_level": "vehicle"        , "color": [165, 42 , 42 ] },
    {"id": 3 , "name": "Vehicle_Unknown"            , "base_level": "dynamic objects", "intermediate_level": "vehicle"        , "color": [178, 34 , 34 ] },
    {"id": 4 , "name": "Pedestrian_Pedestrian"      , "base_level": "dynamic objects", "intermediate_level": "pedestrian"     , "color": [220, 20 , 60 ] },
    {"id": 5 , "name": "Pedestrian_Bicycle"         , "base_level": "dynamic objects", "intermediate_level": "pedestrian"     , "color": [255, 0  , 0  ] },
    {"id": 6 , "name": "TrafficLight_Red"           , "base_level": "static objects" , "intermediate_level": "traffic light"  , "color": [255, 160, 122] },
    {"id": 7 , "name": "TrafficLight_Yellow"        , "base_level": "static objects" , "intermediate_level": "traffic light"  , "color": [255, 69 , 0  ] },
    {"id": 8 , "name": "TrafficLight_Green"         , "base_level": "static objects" , "intermediate_level": "traffic light"  , "color": [255, 140, 0  ] },
    {"id": 9 , "name": "TrafficLight_Arrow"         , "base_level": "static objects" , "intermediate_level": "traffic light"  , "color": [255, 165, 0  ] },
    {"id": 10, "name": "TrafficLight_RedArrow"      , "base_level": "static objects" , "intermediate_level": "traffic light"  , "color": [255, 215, 0  ] },
    {"id": 11, "name": "TrafficLight_YellowArrow"   , "base_level": "static objects" , "intermediate_level": "traffic light"  , "color": [184, 134, 11 ] },
    {"id": 12, "name": "TrafficLight_GreenArrow"    , "base_level": "static objects" , "intermediate_level": "traffic light"  , "color": [218, 165, 32 ] },
    {"id": 13, "name": "TrafficSign_Speed"          , "base_level": "static objects" , "intermediate_level": "traffic sign"   , "color": [238, 232, 170] },
    {"id": 14, "name": "TrafficSign_Else"           , "base_level": "static objects" , "intermediate_level": "traffic sign"   , "color": [189, 183, 107] },
    {"id": 15, "name": "RoadMark_StopLine"          , "base_level": "static objects" , "intermediate_level": "road mark"      , "color": [240, 230, 140] },
    {"id": 16, "name": "RoadMark_Crosswalk"         , "base_level": "static objects" , "intermediate_level": "road mark"      , "color": [128, 128, 0  ] },
    {"id": 17, "name": "RoadMark_Number"            , "base_level": "static objects" , "intermediate_level": "road mark"      , "color": [255, 255, 0  ] },
    {"id": 18, "name": "RoadMark_Character"         , "base_level": "static objects" , "intermediate_level": "road mark"      , "color": [154, 205, 50 ] },
    {"id": 19, "name": "RoadMarkArrow_Straight"     , "base_level": "static objects" , "intermediate_level": "road mark arrow", "color": [85 , 107, 47 ] },
    {"id": 20, "name": "RoadMarkArrow_Left"         , "base_level": "static objects" , "intermediate_level": "road mark arrow", "color": [107, 142, 35 ] },
    {"id": 21, "name": "RoadMarkArrow_Right"        , "base_level": "static objects" , "intermediate_level": "road mark arrow", "color": [124, 252, 0  ] },
    {"id": 22, "name": "RoadMarkArrow_StraightLeft" , "base_level": "static objects" , "intermediate_level": "road mark arrow", "color": [127, 255, 0  ] },
    {"id": 23, "name": "RoadMarkArrow_StraightRight", "base_level": "static objects" , "intermediate_level": "road mark arrow", "color": [173, 255, 47 ] },
    {"id": 24, "name": "RoadMarkArrow_Uturn"        , "base_level": "static objects" , "intermediate_level": "road mark arrow", "color": [0  , 100, 0  ] },
    {"id": 25, "name": "RoadMarkArrow_Else"         , "base_level": "static objects" , "intermediate_level": "road mark arrow", "color": [0  , 128, 0  ] }
  ]
}
