{
    "class_labels": [
        {"id": 0 , "supercategory": "background", "name": "background"   , "color": [0  , 0  , 0]},
        {"id": 1 , "supercategory": "person"    , "name": "person"       , "color": [81 , 120, 228]},
        {"id": 2 , "supercategory": "vehicle"   , "name": "bicycle"      , "color": [138, 183, 33]},
        {"id": 3 , "supercategory": "vehicle"   , "name": "car"          , "color": [49 , 3  , 150]},
        {"id": 4 , "supercategory": "vehicle"   , "name": "motorcycle"   , "color": [122, 35 , 2]},
        {"id": 5 , "supercategory": "vehicle"   , "name": "airplane"     , "color": [165, 168, 193]},
        {"id": 6 , "supercategory": "vehicle"   , "name": "bus"          , "color": [140, 24 , 143]},
        {"id": 7 , "supercategory": "vehicle"   , "name": "train"        , "color": [179, 165, 212]},
        {"id": 8 , "supercategory": "vehicle"   , "name": "truck"        , "color": [72 , 153, 152]},
        {"id": 9 , "supercategory": "vehicle"   , "name": "boat"         , "color": [19 , 64 , 83]},
        {"id": 10, "supercategory": "outdoor"   , "name": "traffic light", "color": [122, 40 , 57]},
        {"id": 11, "supercategory": "outdoor"   , "name": "fire hydrant" , "color": [219, 42 , 205]},
        {"id": 12, "supercategory": "outdoor"   , "name": "stop sign"    , "color": [15 , 90 , 125]},
        {"id": 13, "supercategory": "outdoor"   , "name": "parking meter", "color": [187, 80 , 10]},
        {"id": 14, "supercategory": "outdoor"   , "name": "bench"        , "color": [76 , 226, 142]},
        {"id": 15, "supercategory": "animal"    , "name": "bird"         , "color": [24 , 56 , 34]},
        {"id": 16, "supercategory": "animal"    , "name": "cat"          , "color": [41 , 174, 251]},
        {"id": 17, "supercategory": "animal"    , "name": "dog"          , "color": [21 , 8  , 251]},
        {"id": 18, "supercategory": "animal"    , "name": "horse"        , "color": [106, 128, 177]},
        {"id": 19, "supercategory": "animal"    , "name": "sheep"        , "color": [147, 90 , 131]},
        {"id": 20, "supercategory": "animal"    , "name": "cow"          , "color": [65 , 159, 189]},
        {"id": 21, "supercategory": "animal"    , "name": "elephant"     , "color": [129, 70 , 30]},
        {"id": 22, "supercategory": "animal"    , "name": "bear"         , "color": [38 , 181, 29]}
    ]
}
